{"cameraMode":{"drawMode":0,"name":"Shaded","section":"Shading Mode"},"sceneLighting":true,"audioPlay":false,"sceneViewState":{"showFog":true,"showMaterialUpdate":false,"showSkybox":true,"showFlares":true,"showImageEffects":true,"showParticleSystems":true},"in2DMode":false,"pivot":{"x":-4.944392204284668,"y":-5.934812545776367,"z":6.24149227142334},"rotation":{"x":-0.07792221009731293,"y":0.904944658279419,"z":-0.1889214813709259,"w":-0.3732513189315796},"size":20.490110397338868,"orthographic":false}